{
  "view/App.view.xml": 1759831505797,
  "controller/Home.controller.js": 1759898487469,
  "model/models.js": 1759831505797,
  "controller/App.controller.js": 1759831505797,
  "manifest.json": 1759848305925,
  "Component.js": 1759831505789,
  "controller/App-dbg.controller.js": 1759831505797,
  "controller/App.controller.js.map": 1759898721259,
  "model/models-dbg.js": 1759831505797,
  "model/models.js.map": 1759898721260,
  "controller/Home-dbg.controller.js": 1759898487469,
  "controller/Home.controller.js.map": 1759898721261,
  "Component-dbg.js": 1759831505789,
  "Component.js.map": 1759898721261,
  "Component-preload.js": 1759898721336,
  "Component-preload.js.map": 1759898721336,
  "view/Home.view.xml": 1759898459932,
  "i18n/i18n.properties": 1759831505793,
  "css/style.css": 1759831505797,
  "index.html": 1759831505789
}